{"time step": [5500000], "number of particles of each type": [[1584.0, 1495.0, 1441.0, 1261.0, 1100.0, 877.0, 678.0, 541.0, 413.0, 239.0, 170.0, 111.0, 61.0, 48.0, 19.0, 5.0]], "total number of particles": [10043], "average velocity of each type": [[2.0756632540997084, 1.381576040837595, 1.5034776149794316, 1.5373076037525129, 1.300647767654687, 2.6472805168359574, 2.2803343812738968, 2.519305436975097, 1.8020984856718254, 3.0188586930727768, 1.3560780323272748, 4.0469473683562684, 3.02300028136298, 1.1665202037855098, 0.3396740574509808, 0.3551794258217723]], "types": [16]}