{"total number of particles": [13541], "Mixing Time": [25], "Liquid Addition Time": [125], "time step": [7500000], "number of particles of each type": [[2128.0, 2046.0, 1953.0, 1670.0, 1498.0, 1192.0, 934.0, 691.0, 532.0, 340.0, 224.0, 154.0, 91.0, 55.0, 25.0, 8.0]], "Aggregation Kernel Constant": [1e-09], "Breakage Kernel Constant": [1e-07], "average velocity of each type": [[2.05707458134273, 1.1970092220637862, 1.1915119842317028, 1.7390843768293007, 1.421746013101915, 1.979205199610481, 1.9815098814134184, 2.782422711005022, 1.5521948322861983, 2.4434524735775187, 1.4478241144709874, 3.3728186447259847, 1.6401181256270694, 1.396494279956725, 2.950553136276887, 2.8968806112484673]], "types": [16]}