OMP,Total Cores,Average
1,1,2326.43555555556
2,2,2304.80888888889
4,4,2405.59722222222
8,8,2376.36944444444
1,2,1231.39388888889
2,4,1301.45055555556
4,8,1213.13388888889
8,16,1193.38444444444
1,4,658.772388888889
2,8,611.433111111111
4,16,608.385777777778
8,32,599.699333333333
1,8,331.639722222222
2,16,328.741666666667
4,32,327.397166666667
8,64,314.066166666667
1,16,159.199333333333
2,32,157.032166666667
4,64,156.3685
8,128,158.897444444444
